proto,service,fwd_pkts_tot,down_up_ratio,fwd_header_size_tot,bwd_header_size_min,flow_syn_flag_count,flow_rst_flag_count,flow_ack_flag_count,fwd_pkts_payload_tot,fwd_pkts_payload_avg,bwd_pkts_payload_max,bwd_pkts_payload_avg,flow_pkts_payload_avg,fwd_iat_min,bwd_iat_min,fwd_subflow_pkts,bwd_subflow_pkts,fwd_subflow_bytes
tcp,mqtt,9,0.5555559992790222,296,32,2,1,13,76,8.444443702697754,23,6.400000095367432,7.714285850524902,761.985779,4438.877106,3.0,1.666666984558105,25.333333
tcp,mqtt,9,0.5555559992790222,296,32,2,1,13,76,8.444443702697754,23,6.400000095367432,7.714285850524902,247.001648,4214.048386,3.0,1.666666984558105,25.333333
tcp,mqtt,9,0.5555559992790222,296,32,2,1,13,74,8.222222328186035,21,6.0,7.428571224212646,283.956528,2456.903458,3.0,1.666666984558105,24.666667
tcp,mqtt,9,0.5555559992790222,296,32,2,1,13,74,8.222222328186035,21,6.0,7.428571224212646,288.963318,3933.906555,3.0,1.666666984558105,24.666667
tcp,mqtt,9,0.5555559992790222,296,32,2,1,13,76,8.444443702697754,23,6.400000095367432,7.714285850524902,387.907028,3005.027771,3.0,1.666666984558105,25.333333
